[
  {
    "Id": "470257",
    "ThreadId": "220388",
    "Html": "<p>Hi,</p>\r\n\r\n<p>I don't know if this would fit in with MVVM Foundation, but I've created a MultiSelectCollectionView that can be very useful in tracking multiple selections in an MVVM application.</p>\r\n\r\n<p>I've posted it on my blog at <a href=\"http://grokys.blogspot.com/2010/07/mvvm-and-multiple-selection-part-iii.html\">http://grokys.blogspot.com/2010/07/mvvm-and-multiple-selection-part-iii.html</a></p>\r\n\r\n<p>Any thoughts, anyone?</p>",
    "PostedDate": "2010-07-21T05:34:38.683-07:00",
    "UserRole": null,
    "MarkedAsAnswerDate": null
  }
]