[
  {
    "Id": "290924",
    "ThreadId": "85409",
    "Html": "<p>Hello, I can't get the PropertyObserver to work.</p>\r\n<p><strong>Window1.xaml : </strong></p>\r\n<p>&lt;Window x:Class=&quot;TestPropertyObserver.Window1&quot;<br>&nbsp;&nbsp;&nbsp; xmlns=&quot;http://schemas.microsoft.com/winfx/2006/xaml/presentation&quot;<br>&nbsp;&nbsp;&nbsp; xmlns:x=&quot;http://schemas.microsoft.com/winfx/2006/xaml&quot;<br>&nbsp;&nbsp;&nbsp; Title=&quot;Window1&quot; Height=&quot;300&quot; Width=&quot;300&quot;&gt;<br>&nbsp;&nbsp;&nbsp; &lt;Grid&gt;<br>&nbsp;&nbsp;&nbsp;&nbsp;&nbsp;&nbsp;&nbsp; &lt;StackPanel&gt;<br>&nbsp;&nbsp;&nbsp;&nbsp;&nbsp;&nbsp;&nbsp;&nbsp;&nbsp;&nbsp;&nbsp; &lt;TextBox Text=&quot;{Binding TextValue}&quot;&gt;&lt;/TextBox&gt;<br>&nbsp;&nbsp;&nbsp;&nbsp;&nbsp;&nbsp;&nbsp;&nbsp;&nbsp;&nbsp;&nbsp; &lt;Button&gt;Test&lt;/Button&gt;<br>&nbsp;&nbsp;&nbsp;&nbsp;&nbsp;&nbsp;&nbsp; &lt;/StackPanel&gt;<br>&nbsp;&nbsp;&nbsp; &lt;/Grid&gt;<br>&lt;/Window&gt;</p>\r\n<p><strong>Window1.xaml.cs :</strong></p>\r\n<p>public partial class Window1 : Window<br>&nbsp;&nbsp;&nbsp; {<br>&nbsp;&nbsp;&nbsp;&nbsp;&nbsp;&nbsp;&nbsp; public Window1()<br>&nbsp;&nbsp;&nbsp;&nbsp;&nbsp;&nbsp;&nbsp; {<br>&nbsp;&nbsp;&nbsp;&nbsp;&nbsp;&nbsp;&nbsp;&nbsp;&nbsp;&nbsp;&nbsp; this.InitializeComponent();<br><br>&nbsp;&nbsp;&nbsp;&nbsp;&nbsp;&nbsp;&nbsp;&nbsp;&nbsp;&nbsp;&nbsp; ViewModel viewModel = new ViewModel();<br><br>&nbsp;&nbsp;&nbsp;&nbsp;&nbsp;&nbsp;&nbsp;&nbsp;&nbsp;&nbsp;&nbsp; this.DataContext = viewModel;<br><br>&nbsp;&nbsp;&nbsp;&nbsp;&nbsp;&nbsp;&nbsp;&nbsp;&nbsp;&nbsp;&nbsp; new PropertyObserver&lt;ViewModel&gt;(viewModel).RegisterHandler(x =&gt; x.TextValue,<br>&nbsp;&nbsp;&nbsp;&nbsp;&nbsp;&nbsp;&nbsp;&nbsp;&nbsp;&nbsp;&nbsp;&nbsp;&nbsp;&nbsp;&nbsp;&nbsp;&nbsp;&nbsp;&nbsp;&nbsp;&nbsp;&nbsp;&nbsp;&nbsp;&nbsp;&nbsp;&nbsp;&nbsp;&nbsp;&nbsp;&nbsp;&nbsp;&nbsp;&nbsp;&nbsp;&nbsp;&nbsp;&nbsp;&nbsp;&nbsp;&nbsp;&nbsp;&nbsp;&nbsp;&nbsp;&nbsp;&nbsp;&nbsp;&nbsp;&nbsp;&nbsp;&nbsp;&nbsp; model =&gt; <span style=\"text-decoration:underline\">Debug.WriteLine(&quot;In observer&quot;)</span>);<br>&nbsp;&nbsp;&nbsp;&nbsp;&nbsp;&nbsp;&nbsp; }<br>&nbsp;&nbsp;&nbsp; }</p>\r\n<p><strong>ViewModel.cs :</strong></p>\r\n<p>public class ViewModel : ObservableObject<br>&nbsp;&nbsp;&nbsp; {<br>&nbsp;&nbsp;&nbsp;&nbsp;&nbsp;&nbsp;&nbsp; private string textValue;<br><br>&nbsp;&nbsp;&nbsp;&nbsp;&nbsp;&nbsp;&nbsp; public string TextValue<br>&nbsp;&nbsp;&nbsp;&nbsp;&nbsp;&nbsp;&nbsp; {<br>&nbsp;&nbsp;&nbsp;&nbsp;&nbsp;&nbsp;&nbsp;&nbsp;&nbsp;&nbsp;&nbsp; get { return this.textValue; }<br>&nbsp;&nbsp;&nbsp;&nbsp;&nbsp;&nbsp;&nbsp;&nbsp;&nbsp;&nbsp;&nbsp; set<br>&nbsp;&nbsp;&nbsp;&nbsp;&nbsp;&nbsp;&nbsp;&nbsp;&nbsp;&nbsp;&nbsp; {<br>&nbsp;&nbsp;&nbsp;&nbsp;&nbsp;&nbsp;&nbsp;&nbsp;&nbsp;&nbsp;&nbsp;&nbsp;&nbsp;&nbsp;&nbsp; this.textValue = value;<br>&nbsp;&nbsp;&nbsp;&nbsp;&nbsp;&nbsp;&nbsp;&nbsp;&nbsp;&nbsp;&nbsp;&nbsp;&nbsp;&nbsp;&nbsp; this.RaisePropertyChanged(&quot;TextValue&quot;);<br>&nbsp;&nbsp;&nbsp;&nbsp;&nbsp;&nbsp;&nbsp;&nbsp;&nbsp;&nbsp;&nbsp;&nbsp;&nbsp;&nbsp;&nbsp; Debug.WriteLine(&quot;In setter&quot;);<br>&nbsp;&nbsp;&nbsp;&nbsp;&nbsp;&nbsp;&nbsp;&nbsp;&nbsp;&nbsp;&nbsp; }<br>&nbsp;&nbsp;&nbsp;&nbsp;&nbsp;&nbsp;&nbsp; }<br>&nbsp;&nbsp;&nbsp; }</p>\r\n<p>The text &quot;In setter&quot; is displayed but not the text &quot;In observer&quot;</p>\r\n<p>Any ideas why ? Thanks</p>\r\n<p><strong>Edit:</strong> I got it: seems like I have to keep the a reference to the PropertyObserver instance for it to work</p>",
    "PostedDate": "2010-02-15T09:57:24.15-08:00",
    "UserRole": null,
    "MarkedAsAnswerDate": null
  },
  {
    "Id": "416062",
    "ThreadId": "85409",
    "Html": "<p>Hi,</p>\r\n<p>Sorry the for the late reply, I've been very busy. &nbsp;You nailed it with your EDIT on the original post. &nbsp;Since PropertyObserver uses a weak event handler for the source object's PropertyChanged event, you must root the instance somewhere. &nbsp;Otherwise the GC will collect the instance and your event handling method will never be invoked.</p>\r\n<p>Thanks,</p>\r\n<p>Josh</p>",
    "PostedDate": "2010-03-09T12:03:25.353-08:00",
    "UserRole": null,
    "MarkedAsAnswerDate": null
  }
]