[
  {
    "Id": "488179",
    "ThreadId": "225780",
    "Html": "<p>Hi,</p>\r\n<p><span style=\"background-color:#fff\" title=Vorschlag>Proposal: MVVM Foundation as a OpenSource Project.</span></p>\r\n<p><span style=\"background-color:#fff\" title=Vorschlag>I have a productive implementation with EF4 and MEF.<br>I would be delighted if we could work together to develop this great thing by Josh Smith.</span></p>",
    "PostedDate": "2010-09-02T04:57:33.553-07:00",
    "UserRole": null,
    "MarkedAsAnswerDate": null
  }
]